,communityName,id,lat,lng
0,麒麟湿地·万科小镇,1,39.09110259843554,117.2080927529767
1,富力桃园天富园,2,39.09110259843554,117.2080927529767
2,东方里,3,39.09110259843554,117.2080927529767
3,裕泰家园,4,39.09110259843554,117.2080927529767
4,宝鑫景苑,5,39.09110259843554,117.2080927529767
5,中昂安纳西小镇,6,39.09110259843554,117.2080927529767
6,银河公寓,7,39.09110259843554,117.2080927529767
7,嘉德园,8,39.09110259843554,117.2080927529767
8,泰合府,9,39.09110259843554,117.2080927529767
9,乐园公寓二期,10,39.09110259843554,117.2080927529767
10,华润橡树湾仰润轩,11,39.09110259843554,117.2080927529767
11,富裕家园,12,39.09110259843554,117.2080927529767
12,博智御园,13,39.09110259843554,117.2080927529767
13,宏泰公寓,14,39.09110259843554,117.2080927529767
14,大运河府,15,39.09110259843554,117.2080927529767
15,华纳豪园3期,16,39.09110259843554,117.2080927529767
16,凯旋家园,17,39.09110259843554,117.2080927529767
17,旭水蓝轩,18,39.09110259843554,117.2080927529767
18,远洋琨庭春华园,19,39.09110259843554,117.2080927529767
19,泰达金色领地,20,39.09110259843554,117.2080927529767
20,铭邸世家花园,21,39.09110259843554,117.2080927529767
21,大通时尚花园,22,39.09110259843554,117.2080927529767
22,尚都家园,23,39.09110259843554,117.2080927529767
23,旭日里,24,39.09110259843554,117.2080927529767
24,晓镇家园,25,39.09110259843554,117.2080927529767
25,北斗花园,26,39.09110259843554,117.2080927529767
26,蓝山花园西区,27,39.09110259843554,117.2080927529767
27,中加生态示范区班芙小镇,28,39.09110259843554,117.2080927529767
28,苏州里,29,39.09110259843554,117.2080927529767
29,汇名园,30,39.09110259843554,117.2080927529767
30,和畅园(滨海新区),31,39.09110259843554,117.2080927529767
31,新湖美丽洲,32,39.09110259843554,117.2080927529767
32,芳馨园,33,39.09110259843554,117.2080927529767
33,恒大翡翠湾,34,39.09110259843554,117.2080927529767
34,怡宁公寓,35,39.09110259843554,117.2080927529767
35,弘景苑,36,39.09110259843554,117.2080927529767
36,美华大厦,37,39.09110259843554,117.2080927529767
37,天津海航城,38,39.09110259843554,117.2080927529767
38,泊湖林奇郡,39,39.09110259843554,117.2080927529767
39,万隆桃香园,40,39.09110259843554,117.2080927529767
40,蓝天花园,41,39.09110259843554,117.2080927529767
41,瑞景花园,42,39.09110259843554,117.2080927529767
42,都旺新城菊芳园,43,39.09110259843554,117.2080927529767
43,汇泉园,44,39.09110259843554,117.2080927529767
44,海尔格林小镇,45,39.09110259843554,117.2080927529767
45,盛泰公寓,46,39.09110259843554,117.2080927529767
46,明珠湾,47,39.09110259843554,117.2080927529767
47,河景园南区,48,39.09110259843554,117.2080927529767
48,台北花园,49,39.09110259843554,117.2080927529767
49,尊品庭苑,50,39.09110259843554,117.2080927529767
50,加孚园,51,39.09110259843554,117.2080927529767
51,佳春里,52,39.09110259843554,117.2080927529767
52,伴景湾家园,53,39.09110259843554,117.2080927529767
53,泰达时代,54,39.09110259843554,117.2080927529767
54,路劲太阳城皓阳园,55,39.09110259843554,117.2080927529767
55,桐景园,56,39.09110259843554,117.2080927529767
56,玉翠园,57,39.09110259843554,117.2080927529767
57,水岸江南天湾园,58,39.09110259843554,117.2080927529767
58,欣荣馨苑,59,39.09110259843554,117.2080927529767
59,天津海航城,60,39.09110259843554,117.2080927529767
60,碧桂园海昌天澜,61,39.09110259843554,117.2080927529767
61,汇泉园,62,39.09110259843554,117.2080927529767
62,惠灵顿河庭花苑,63,39.09110259843554,117.2080927529767
63,浩天天娇源,64,39.09110259843554,117.2080927529767
64,伴景湾家园,65,39.09110259843554,117.2080927529767
65,李桃园,66,39.09110259843554,117.2080927529767
66,中昂安纳西小镇,67,39.09110259843554,117.2080927529767
67,红云新里,68,39.09110259843554,117.2080927529767
68,花语轩,69,39.09110259843554,117.2080927529767
69,彩虹花园,70,39.09110259843554,117.2080927529767
70,复地湖滨广场,71,39.09110259843554,117.2080927529767
71,三和温泉花园天时园,72,39.09110259843554,117.2080927529767
72,保利拾光年,73,39.09110259843554,117.2080927529767
73,季景兰庭［兰景园］,74,39.09110259843554,117.2080927529767
74,磐石坊,75,39.09110259843554,117.2080927529767
75,万通新城国际,76,39.09110259843554,117.2080927529767
76,金香里,77,39.09110259843554,117.2080927529767
77,阳光新干线,78,39.09110259843554,117.2080927529767
78,伴景湾家园,79,39.09110259843554,117.2080927529767
79,翡翠半岛馨园,80,39.09110259843554,117.2080927529767
80,颂景苑,81,39.09110259843554,117.2080927529767
81,财富绿道丹庭,82,39.09110259843554,117.2080927529767
82,阳光南园,83,39.09110259843554,117.2080927529767
83,尚皇公寓,84,39.09110259843554,117.2080927529767
84,松江城武台馨苑,85,39.09110259843554,117.2080927529767
85,亨通花园东区北里,86,39.09110259843554,117.2080927529767
86,景阳里,87,39.09110259843554,117.2080927529767
87,颐滨花园,88,39.09110259843554,117.2080927529767
88,大唐印象唐雅苑,89,39.09110259843554,117.2080927529767
89,融科瀚棠丰合园,90,39.09110259843554,117.2080927529767
90,怡园小区,91,39.09110259843554,117.2080927529767
91,健强新里,92,39.09110259843554,117.2080927529767
92,振河里,93,39.09110259843554,117.2080927529767
93,经纬城市绿洲华清家园,94,39.09110259843554,117.2080927529767
94,京港国际城,95,39.09110259843554,117.2080927529767
95,宜兰里,96,39.09110259843554,117.2080927529767
96,诚基经贸中心,97,39.09110259843554,117.2080927529767
97,金隅悦城品香苑,98,39.09110259843554,117.2080927529767
98,联发第五街,99,39.09110259843554,117.2080927529767
99,中交天郡,100,39.09110259843554,117.2080927529767
100,贝肯山莫缇园,101,39.09110259843554,117.2080927529767
101,商苑公寓,102,39.09110259843554,117.2080927529767
102,泰达时代,103,39.09110259843554,117.2080927529767
103,宝龙南苑,104,39.09110259843554,117.2080927529767
104,风屏公寓,105,39.09110259843554,117.2080927529767
105,三和温泉花园天时园,106,39.09110259843554,117.2080927529767
106,泰丰家园,107,39.09110259843554,117.2080927529767
107,风采南里,108,39.09110259843554,117.2080927529767
108,谊厚公寓,109,39.09110259843554,117.2080927529767
109,融科瀚棠丰合园,110,39.09110259843554,117.2080927529767
110,万通华府B区,111,39.09110259843554,117.2080927529767
111,朗月轩,112,39.09110259843554,117.2080927529767
112,嘉誉新城,113,39.09110259843554,117.2080927529767
113,红波里,114,39.09110259843554,117.2080927529767
114,宝龙南苑,115,39.09110259843554,117.2080927529767
115,保利罗兰公馆,116,39.09110259843554,117.2080927529767
116,贻欣园,117,39.09110259843554,117.2080927529767
117,富力湾天阔园,118,39.09110259843554,117.2080927529767
118,龙第世家花园,119,39.09110259843554,117.2080927529767
119,恒大绿洲馨园,120,39.09110259843554,117.2080927529767
120,兰江新苑,121,39.09110259843554,117.2080927529767
121,天津海航城,122,39.09110259843554,117.2080927529767
122,融创东岸名郡,123,39.09110259843554,117.2080927529767
123,泰达时代,124,39.09110259843554,117.2080927529767
124,灵秀丽苑,125,39.09110259843554,117.2080927529767
125,桃园别墅,126,39.09110259843554,117.2080927529767
126,首创暖山,127,39.09110259843554,117.2080927529767
127,融科瀚棠泰怡园,128,39.09110259843554,117.2080927529767
128,路劲太阳城皓林园,129,39.09110259843554,117.2080927529767
129,力高阳光海岸,130,39.09110259843554,117.2080927529767
130,化肥厂楼,131,39.09110259843554,117.2080927529767
131,凤园南里,132,39.09110259843554,117.2080927529767
132,晓镇家园,133,39.09110259843554,117.2080927529767
133,泰丰家园二期,134,39.09110259843554,117.2080927529767
134,宇萃里,135,39.09110259843554,117.2080927529767
135,北岸尚城,136,39.09110259843554,117.2080927529767
136,爱丽家园东区,137,39.09110259843554,117.2080927529767
137,晓镇家园,138,39.09110259843554,117.2080927529767
138,新天地家园,139,39.09110259843554,117.2080927529767
139,弘丽园,140,39.09110259843554,117.2080927529767
140,禹洲御湖郡,141,39.09110259843554,117.2080927529767
141,福居园,142,39.09110259843554,117.2080927529767
142,万通华府A区,143,39.09110259843554,117.2080927529767
143,天津华侨城,144,39.09110259843554,117.2080927529767
144,和泓四季恋城,145,39.09110259843554,117.2080927529767
145,舒畅嘉园,146,39.09110259843554,117.2080927529767
146,秋瑞家园,147,39.09110259843554,117.2080927529767
147,瑞通里,148,39.09110259843554,117.2080927529767
148,和馨园,149,39.09110259843554,117.2080927529767
149,月荣轩,150,39.09110259843554,117.2080927529767
150,天津海航城,151,39.09110259843554,117.2080927529767
151,亚泰澜公馆,152,39.09110259843554,117.2080927529767
152,南海里,153,39.09110259843554,117.2080927529767
153,鑫洋园,154,39.09110259843554,117.2080927529767
154,万科城市之光,155,39.09110259843554,117.2080927529767
155,宝境栖园,156,39.09110259843554,117.2080927529767
156,泰达时代,157,39.09110259843554,117.2080927529767
157,环秀中里,158,39.09110259843554,117.2080927529767
158,融创融园,159,39.09110259843554,117.2080927529767
159,天津海航城,160,39.09110259843554,117.2080927529767
160,雅园,161,39.09110259843554,117.2080927529767
161,正大别墅,162,39.09110259843554,117.2080927529767
162,宝坻金辉城中央云著,163,39.09110259843554,117.2080927529767
163,福波园,164,39.09110259843554,117.2080927529767
164,京海公寓,165,39.09110259843554,117.2080927529767
165,远洋琨庭春华园,166,39.09110259843554,117.2080927529767
166,晶品轩,167,39.09110259843554,117.2080927529767
167,新都大厦,168,39.09110259843554,117.2080927529767
168,府湖里,169,39.09110259843554,117.2080927529767
169,富力又一城合力园,170,39.09110259843554,117.2080927529767
170,阳光新园,171,39.09110259843554,117.2080927529767
171,弘景苑,172,39.09110259843554,117.2080927529767
172,沁园,173,39.09110259843554,117.2080927529767
173,禹洲御湖郡,174,39.09110259843554,117.2080927529767
174,香榭里,175,39.09110259843554,117.2080927529767
175,和苑全和园,176,39.09110259843554,117.2080927529767
176,天津海航城,177,39.09110259843554,117.2080927529767
177,中山东里,178,39.09110259843554,117.2080927529767
178,昌海里,179,39.09110259843554,117.2080927529767
179,经纬城市绿洲华清家园,180,39.09110259843554,117.2080927529767
180,天津富力新城,181,39.09110259843554,117.2080927529767
181,富力津门湖云舒花园,182,39.09110259843554,117.2080927529767
182,新雅居,183,39.09110259843554,117.2080927529767
183,中嘉花园秋水苑,184,39.09110259843554,117.2080927529767
184,滨海智谛山,185,39.09110259843554,117.2080927529767
185,正荣润璟湾,186,39.09110259843554,117.2080927529767
186,云锦蓝庭,187,39.09110259843554,117.2080927529767
187,方正龙天园,188,39.09110259843554,117.2080927529767
188,康隆苑,189,39.09110259843554,117.2080927529767
189,贝肯山金栗园,190,39.09110259843554,117.2080927529767
190,富宜里,191,39.09110259843554,117.2080927529767
191,世茂璀璨公园,192,39.09110259843554,117.2080927529767
192,同发里(和平区),193,39.09110259843554,117.2080927529767
193,华亭国际,194,39.09110259843554,117.2080927529767
194,福合园（中核海润府二期）,195,39.09110259843554,117.2080927529767
195,九江里,196,39.09110259843554,117.2080927529767
196,滨雅花园（远洋城8期）,197,39.09110259843554,117.2080927529767
197,静湖花园南区,198,39.09110259843554,117.2080927529767
198,西关北里,199,39.09110259843554,117.2080927529767
199,弘景苑,200,39.09110259843554,117.2080927529767
200,同安新里,201,39.09110259843554,117.2080927529767
201,东惠家园,202,39.09110259843554,117.2080927529767
202,天成铂悦,203,39.09110259843554,117.2080927529767
203,恒大金碧天下,204,39.09110259843554,117.2080927529767
204,弘景苑,205,39.09110259843554,117.2080927529767
205,幸福北里,206,39.09110259843554,117.2080927529767
206,卫安中里,207,39.09110259843554,117.2080927529767
207,富邦花园,208,39.09110259843554,117.2080927529767
208,联发第五街,209,39.09110259843554,117.2080927529767
209,远洋万和城,210,39.09110259843554,117.2080927529767
210,贝肯山斯茹园,211,39.09110259843554,117.2080927529767
211,美景园,212,39.09110259843554,117.2080927529767
212,泰丰家园,213,39.09110259843554,117.2080927529767
213,银杏公寓,214,39.09110259843554,117.2080927529767
214,天鹅湖1号,215,39.09110259843554,117.2080927529767
215,天鸿大厦,216,39.09110259843554,117.2080927529767
216,万科东海岸,217,39.09110259843554,117.2080927529767
217,华远波士顿上东轩,218,39.09110259843554,117.2080927529767
218,滨海新城,219,39.09110259843554,117.2080927529767
219,泰达时代,220,39.09110259843554,117.2080927529767
220,桐景园,221,39.09110259843554,117.2080927529767
221,鸿坤山语,222,39.09110259843554,117.2080927529767
222,天嘉湖花园,223,39.09110259843554,117.2080927529767
223,恒大金碧天下,224,39.09110259843554,117.2080927529767
224,林苑西里,225,39.09110259843554,117.2080927529767
225,中海国际公园城镜湖苑,226,39.09110259843554,117.2080927529767
226,南益名士华庭四期(海棠苑),227,39.09110259843554,117.2080927529767
227,万科金域蓝湾,228,39.09110259843554,117.2080927529767
228,通达新苑,229,39.09110259843554,117.2080927529767
229,万科金域蓝湾,230,39.09110259843554,117.2080927529767
230,九和府,231,39.09110259843554,117.2080927529767
231,瑞晨家园,232,39.09110259843554,117.2080927529767
232,瑞光里,233,39.09110259843554,117.2080927529767
233,晓镇家园,234,39.09110259843554,117.2080927529767
234,云江新苑,235,39.09110259843554,117.2080927529767
235,华城领秀睦华里,236,39.09110259843554,117.2080927529767
236,鸿坤原乡郡,237,39.09110259843554,117.2080927529767
237,卫津南路112号,238,39.09110259843554,117.2080927529767
238,河东融科瀚棠,239,39.09110259843554,117.2080927529767
239,天津海航城,240,39.09110259843554,117.2080927529767
240,朗月轩,241,39.09110259843554,117.2080927529767
241,海颂园,242,39.09110259843554,117.2080927529767
242,河怡花园,243,39.09110259843554,117.2080927529767
243,泊湖林奇郡,244,39.09110259843554,117.2080927529767
244,首创城,245,39.09110259843554,117.2080927529767
245,富泰兴园,246,39.09110259843554,117.2080927529767
246,垣焕里,247,39.09110259843554,117.2080927529767
247,宝翠花都探景园,248,39.09110259843554,117.2080927529767
248,恒大绿洲馨园,249,39.09110259843554,117.2080927529767
249,红山里,250,39.09110259843554,117.2080927529767
250,吾悦华府,251,39.09110259843554,117.2080927529767
251,米兰阳光花园,252,39.09110259843554,117.2080927529767
252,荣翠园,253,39.09110259843554,117.2080927529767
253,秋实园,254,39.09110259843554,117.2080927529767
254,川江里,255,39.09110259843554,117.2080927529767
255,宜禾美嘉园,256,39.09110259843554,117.2080927529767
256,金泰丽舍,257,39.09110259843554,117.2080927529767
257,佳园南里,258,39.09110259843554,117.2080927529767
258,月荣轩,259,39.09110259843554,117.2080927529767
259,凯旋家园,260,39.09110259843554,117.2080927529767
260,骊山里,261,39.09110259843554,117.2080927529767
261,融创御澜,262,39.09110259843554,117.2080927529767
262,泰达MSD佰席,263,39.09110259843554,117.2080927529767
263,贝肯山斯茹园,264,39.09110259843554,117.2080927529767
264,中嘉花园秀水苑,265,39.09110259843554,117.2080927529767
265,一品家园,266,39.09110259843554,117.2080927529767
266,中盈小区,267,39.09110259843554,117.2080927529767
267,泽丰名苑,268,39.09110259843554,117.2080927529767
268,康馨花园,269,39.09110259843554,117.2080927529767
269,桐景园,270,39.09110259843554,117.2080927529767
270,兴河里,271,39.09110259843554,117.2080927529767
271,万隆花园,272,39.09110259843554,117.2080927529767
272,桐景园,273,39.09110259843554,117.2080927529767
273,恒大金碧天下香麓苑,274,39.09110259843554,117.2080927529767
274,朗月轩,275,39.09110259843554,117.2080927529767
275,象博豪庭,276,39.09110259843554,117.2080927529767
276,鼎泰园,277,39.09110259843554,117.2080927529767
277,旭辉燕南园,278,39.09110259843554,117.2080927529767
278,华润中央公园,279,39.09110259843554,117.2080927529767
279,华泰里,280,39.09110259843554,117.2080927529767
280,天津海航城,281,39.09110259843554,117.2080927529767
281,碧桂园滨海城,282,39.09110259843554,117.2080927529767
282,奥林匹克花园枫叶苑,283,39.09110259843554,117.2080927529767
283,贝肯山香柏园,284,39.09110259843554,117.2080927529767
284,津泊湾,285,39.09110259843554,117.2080927529767
285,盛世郦园,286,39.09110259843554,117.2080927529767
286,万东花园,287,39.09110259843554,117.2080927529767
287,四季风情（贻港新城）,288,39.09110259843554,117.2080927529767
288,联发第五街,289,39.09110259843554,117.2080927529767
289,津淄东里,290,39.09110259843554,117.2080927529767
290,新世纪城,291,39.09110259843554,117.2080927529767
291,社会山北苑,292,39.09110259843554,117.2080927529767
292,蓬仁园,293,39.09110259843554,117.2080927529767
293,屏花里,294,39.09110259843554,117.2080927529767
294,弘景苑,295,39.09110259843554,117.2080927529767
295,红磡领世郡普泰花园,296,39.09110259843554,117.2080927529767
296,贻欣园,297,39.09110259843554,117.2080927529767
297,汇泉园,298,39.09110259843554,117.2080927529767
298,裕阳花园,299,39.09110259843554,117.2080927529767
299,泰丰家园,300,39.09110259843554,117.2080927529767
300,朝阳里,301,39.09110259843554,117.2080927529767
301,津滨藏锦,302,39.09110259843554,117.2080927529767
302,振业铂雅轩,303,39.09110259843554,117.2080927529767
303,天津海航城,304,39.09110259843554,117.2080927529767
304,怡宁公寓,305,39.09110259843554,117.2080927529767
305,芳水河畔家园,306,39.09110259843554,117.2080927529767
306,鸿坤理想城,307,39.09110259843554,117.2080927529767
307,国风星苑一期,308,39.09110259843554,117.2080927529767
308,万海华府北苑,309,39.09110259843554,117.2080927529767
309,莹华里,310,39.09110259843554,117.2080927529767
310,盘谷卫城南区,311,39.09110259843554,117.2080927529767
311,莹华里,312,39.09110259843554,117.2080927529767
312,和睦西里,313,39.09110259843554,117.2080927529767
313,路劲领山,314,39.09110259843554,117.2080927529767
314,泰丰家园二期,315,39.09110259843554,117.2080927529767
315,朗月轩,316,39.09110259843554,117.2080927529767
316,万通华府A区,317,39.09110259843554,117.2080927529767
317,跃进里(塘沽区),318,39.09110259843554,117.2080927529767
318,红磡领世郡普泰花园,319,39.09110259843554,117.2080927529767
319,观澜雅苑,320,39.09110259843554,117.2080927529767
320,松江高尔夫小镇,321,39.09110259843554,117.2080927529767
321,台儿庄路（和平区）,322,39.09110259843554,117.2080927529767
322,滨海新城,323,39.09110259843554,117.2080927529767
323,六和茗著,324,39.09110259843554,117.2080927529767
324,海尔格林小镇,325,39.09110259843554,117.2080927529767
325,天津海航城,326,39.09110259843554,117.2080927529767
326,碧春园,327,39.09110259843554,117.2080927529767
327,中加生态示范区班芙小镇,328,39.09110259843554,117.2080927529767
328,贻成园西区,329,39.09110259843554,117.2080927529767
329,森泰小区,330,39.09110259843554,117.2080927529767
330,灵秀丽苑,331,39.09110259843554,117.2080927529767
331,华富家园南区,332,39.09110259843554,117.2080927529767
332,汇恒园,333,39.09110259843554,117.2080927529767
333,花语轩,334,39.09110259843554,117.2080927529767
334,嘉泰花园,335,39.09110259843554,117.2080927529767
335,华润橡树湾仰润轩,336,39.09110259843554,117.2080927529767
336,佳和雅庭,337,39.09110259843554,117.2080927529767
337,广泰园,338,39.09110259843554,117.2080927529767
338,奥林匹克花园橄榄苑,339,39.09110259843554,117.2080927529767
339,新尚园,340,39.09110259843554,117.2080927529767
340,万科金域蓝湾,341,39.09110259843554,117.2080927529767
341,滨旅景熙,342,39.09110259843554,117.2080927529767
342,陶然庭苑,343,39.09110259843554,117.2080927529767
343,傲景苑,344,39.09110259843554,117.2080927529767
344,天津富力新城,345,39.09110259843554,117.2080927529767
345,盛源公寓,346,39.09110259843554,117.2080927529767
346,隆达新苑,347,39.09110259843554,117.2080927529767
347,御景园邸,348,39.09110259843554,117.2080927529767
348,友谊里,349,39.09110259843554,117.2080927529767
349,文华巷,350,39.09110259843554,117.2080927529767
350,中建壹方九里（二期）,351,39.09110259843554,117.2080927529767
351,振业铂雅轩,352,39.09110259843554,117.2080927529767
352,首创城,353,39.09110259843554,117.2080927529767
353,开江南里,354,39.09110259843554,117.2080927529767
354,福松源庄,355,39.09110259843554,117.2080927529767
355,卫安北里,356,39.09110259843554,117.2080927529767
356,小镇西西里瑞民里,357,39.09110259843554,117.2080927529767
357,谊景村,358,39.09110259843554,117.2080927529767
358,云锦蓝庭,359,39.09110259843554,117.2080927529767
359,首创大河宸章,360,39.09110259843554,117.2080927529767
360,香江健康小镇棕榈园,361,39.09110259843554,117.2080927529767
361,诚基经贸中心,362,39.09110259843554,117.2080927529767
362,远洋简宫秋韵园,363,39.09110259843554,117.2080927529767
363,卫华里,364,39.09110259843554,117.2080927529767
364,绿景家園,365,39.09110259843554,117.2080927529767
365,滨雅花园（远洋城8期）,366,39.09110259843554,117.2080927529767
366,艺术家园,367,39.09110259843554,117.2080927529767
367,环湖东里,368,39.09110259843554,117.2080927529767
368,泰达时代,369,39.09110259843554,117.2080927529767
369,景瑞花园,370,39.09110259843554,117.2080927529767
370,招商雍景湾,371,39.09110259843554,117.2080927529767
371,棕榈名邸,372,39.09110259843554,117.2080927529767
372,中保住宅楼,373,39.09110259843554,117.2080927529767
373,中保住宅楼,374,39.09110259843554,117.2080927529767
374,天房美域豪庭,375,39.09110259843554,117.2080927529767
375,天成东轩,376,39.09110259843554,117.2080927529767
376,福泰温泉公寓,377,39.09110259843554,117.2080927529767
377,康华里,378,39.09110259843554,117.2080927529767
378,迎水东里,379,39.09110259843554,117.2080927529767
379,远洋琨庭春华园,380,39.09110259843554,117.2080927529767
380,泰达国际公寓,381,39.09110259843554,117.2080927529767
381,天津海航城,382,39.09110259843554,117.2080927529767
382,华纳豪园1期,383,39.09110259843554,117.2080927529767
383,天津海航城,384,39.09110259843554,117.2080927529767
384,云台花园,385,39.09110259843554,117.2080927529767
385,贝肯山菩提园,386,39.09110259843554,117.2080927529767
386,天津海航城,387,39.09110259843554,117.2080927529767
387,世纪祥和家园(塘沽区),388,39.09110259843554,117.2080927529767
388,天津海航城,389,39.09110259843554,117.2080927529767
389,堤中里,390,39.09110259843554,117.2080927529767
390,世茂鲲贝园,391,39.09110259843554,117.2080927529767
391,联发熙园,392,39.09110259843554,117.2080927529767
392,环秀西里,393,39.09110259843554,117.2080927529767
393,恒大金碧天下,394,39.09110259843554,117.2080927529767
394,泰丰家园二期,395,39.09110259843554,117.2080927529767
395,港建里,396,39.09110259843554,117.2080927529767
396,中昂安纳西小镇,397,39.09110259843554,117.2080927529767
397,晓镇家园,398,39.09110259843554,117.2080927529767
398,天津碧桂园星河Park,399,39.09110259843554,117.2080927529767
399,盛和家园,400,39.09110259843554,117.2080927529767
400,翠湖新村,401,39.09110259843554,117.2080927529767
401,天华里,402,39.09110259843554,117.2080927529767
402,鸿泰公寓,403,39.09110259843554,117.2080927529767
403,红树湾花园,404,39.09110259843554,117.2080927529767
404,嘉德园,405,39.09110259843554,117.2080927529767
405,联发第五街,406,39.09110259843554,117.2080927529767
406,金地长湖湾,407,39.09110259843554,117.2080927529767
407,恬园别墅,408,39.09110259843554,117.2080927529767
408,经纬城市绿洲武清,409,39.09110259843554,117.2080927529767
409,宝龙南苑,410,39.09110259843554,117.2080927529767
410,迎水南里,411,39.09110259843554,117.2080927529767
411,联发第五街,412,39.09110259843554,117.2080927529767
412,盘谷卫城南区,413,39.09110259843554,117.2080927529767
413,保利尚林苑,414,39.09110259843554,117.2080927529767
414,朗月轩,415,39.09110259843554,117.2080927529767
415,泰丰家园二期,416,39.09110259843554,117.2080927529767
416,泰达时代,417,39.09110259843554,117.2080927529767
417,海望园,418,39.09110259843554,117.2080927529767
418,紫金南里,419,39.09110259843554,117.2080927529767
419,振业铂雅轩,420,39.09110259843554,117.2080927529767
420,天馨家園,421,39.09110259843554,117.2080927529767
421,沧浪东里,422,39.09110259843554,117.2080927529767
422,贻欣园,423,39.09110259843554,117.2080927529767
423,明珠园,424,39.09110259843554,117.2080927529767
424,岳园小区,425,39.09110259843554,117.2080927529767
425,恂园南里,426,39.09110259843554,117.2080927529767
426,广厦富城,427,39.09110259843554,117.2080927529767
427,朗月轩,428,39.09110259843554,117.2080927529767
428,傲景苑,429,39.09110259843554,117.2080927529767
429,新城家园,430,39.09110259843554,117.2080927529767
430,凤园里,431,39.09110259843554,117.2080927529767
431,香江健康小镇丁香湾,432,39.09110259843554,117.2080927529767
432,家贤里,433,39.09110259843554,117.2080927529767
433,泰达时代,434,39.09110259843554,117.2080927529767
434,远洋心里,435,39.09110259843554,117.2080927529767
435,融科瀚棠丰合园,436,39.09110259843554,117.2080927529767
436,绿城桃李春风,437,39.09110259843554,117.2080927529767
437,诚基经贸中心,438,39.09110259843554,117.2080927529767
438,融泰城,439,39.09110259843554,117.2080927529767
439,长达公寓,440,39.09110259843554,117.2080927529767
440,月荣轩,441,39.09110259843554,117.2080927529767
441,沁园,442,39.09110259843554,117.2080927529767
442,鸿泰公寓,443,39.09110259843554,117.2080927529767
443,华城景苑盛和嘉园,444,39.09110259843554,117.2080927529767
444,阳光新园,445,39.09110259843554,117.2080927529767
445,荣鑫园,446,39.09110259843554,117.2080927529767
446,安田心屿,447,39.09110259843554,117.2080927529767
447,首创珐瑯墅昆芳苑,448,39.09110259843554,117.2080927529767
448,瑞德里,449,39.09110259843554,117.2080927529767
449,泰达时代,450,39.09110259843554,117.2080927529767
450,华亭国际,451,39.09110259843554,117.2080927529767
451,淮兴园,452,39.09110259843554,117.2080927529767
452,时代花园(蓟州),453,39.09110259843554,117.2080927529767
453,星缘轩,454,39.09110259843554,117.2080927529767
454,玉容花园,455,39.09110259843554,117.2080927529767
455,河南路,456,39.09110259843554,117.2080927529767
456,福园,457,39.09110259843554,117.2080927529767
457,泰达时代,458,39.09110259843554,117.2080927529767
458,尊品庭苑,459,39.09110259843554,117.2080927529767
459,凯旋苑,460,39.09110259843554,117.2080927529767
460,社会山南苑,461,39.09110259843554,117.2080927529767
461,雅都天元居东区,462,39.09110259843554,117.2080927529767
462,天津富力新城,463,39.09110259843554,117.2080927529767
463,长寿公寓,464,39.09110259843554,117.2080927529767
464,民盛里,465,39.09110259843554,117.2080927529767
465,联发第五街,466,39.09110259843554,117.2080927529767
466,盘古艺城西区,467,39.09110259843554,117.2080927529767
467,贝肯山香柏园,468,39.09110259843554,117.2080927529767
468,福明里,469,39.09110259843554,117.2080927529767
469,米兰阳光花园,470,39.09110259843554,117.2080927529767
470,海望园,471,39.09110259843554,117.2080927529767
471,春和仁居,472,39.09110259843554,117.2080927529767
472,天津海航城,473,39.09110259843554,117.2080927529767
473,天津海航城,474,39.09110259843554,117.2080927529767
474,芳林泰达园,475,39.09110259843554,117.2080927529767
475,文昌嘉园,476,39.09110259843554,117.2080927529767
476,贝肯山斯茹园,477,39.09110259843554,117.2080927529767
477,富龙湾家园,478,39.09110259843554,117.2080927529767
478,昌海公寓,479,39.09110259843554,117.2080927529767
479,安辛庄,480,39.09110259843554,117.2080927529767
480,烟台道(和平区),481,39.09110259843554,117.2080927529767
481,朗月轩,482,39.09110259843554,117.2080927529767
482,金益园,483,39.09110259843554,117.2080927529767
483,桐景园,484,39.09110259843554,117.2080927529767
484,傲景苑,485,39.09110259843554,117.2080927529767
485,天成东轩,486,39.09110259843554,117.2080927529767
486,崇仁里,487,39.09110259843554,117.2080927529767
487,爱丽家园西区,488,39.09110259843554,117.2080927529767
488,东方名居,489,39.09110259843554,117.2080927529767
489,金地长湖湾,490,39.09110259843554,117.2080927529767
490,鸿泰花园别墅,491,39.09110259843554,117.2080927529767
491,金地长湖湾,492,39.09110259843554,117.2080927529767
492,泰丰家园,493,39.09110259843554,117.2080927529767
493,梧桐公社北里,494,39.09110259843554,117.2080927529767
494,鸿正绿色家园,495,39.09110259843554,117.2080927529767
495,佳欣里,496,39.09110259843554,117.2080927529767
496,静湖花园西区,497,39.09110259843554,117.2080927529767
497,互助南里,498,39.09110259843554,117.2080927529767
498,首创康桥郡,499,39.09110259843554,117.2080927529767
499,鑫昱花园,500,39.09110259843554,117.2080927529767
500,汇泉园,501,39.09110259843554,117.2080927529767
501,尊品庭苑,502,39.09110259843554,117.2080927529767
502,泰达新天地,503,39.09110259843554,117.2080927529767
503,保利尚林苑,504,39.09110259843554,117.2080927529767
504,御景园邸,505,39.09110259843554,117.2080927529767
505,贵桥里,506,39.09110259843554,117.2080927529767
506,融创臻园,507,39.09110259843554,117.2080927529767
507,天辰里小区,508,39.09110259843554,117.2080927529767
508,汇泉园,509,39.09110259843554,117.2080927529767
509,恒大金碧天下,510,39.09110259843554,117.2080927529767
510,天津海航城,511,39.09110259843554,117.2080927529767
511,滨海智谛山,512,39.09110259843554,117.2080927529767
512,博美园,513,39.09110259843554,117.2080927529767
513,金领国际,514,39.09110259843554,117.2080927529767
514,水运名苑,515,39.09110259843554,117.2080927529767
515,融科瀚棠泰怡园,516,39.09110259843554,117.2080927529767
516,万通新城国际,517,39.09110259843554,117.2080927529767
517,沁园,518,39.09110259843554,117.2080927529767
518,万通华府B区,519,39.09110259843554,117.2080927529767
519,天津海航城,520,39.09110259843554,117.2080927529767
520,瑞金里,521,39.09110259843554,117.2080927529767
521,珠江里(河西区),522,39.09110259843554,117.2080927529767
522,宏城御溪园,523,39.09110259843554,117.2080927529767
523,蓬仁园,524,39.09110259843554,117.2080927529767
524,气象东里,525,39.09110259843554,117.2080927529767
525,天津湾海景芯苑,526,39.09110259843554,117.2080927529767
526,禹洲御湖郡,527,39.09110259843554,117.2080927529767
527,天津海航城,528,39.09110259843554,117.2080927529767
528,宝翠花都瞰景园,529,39.09110259843554,117.2080927529767
529,昆俞家园,530,39.09110259843554,117.2080927529767
530,保利上河雅苑北区,531,39.09110259843554,117.2080927529767
531,瑞通里,532,39.09110259843554,117.2080927529767
532,世茂璟苑,533,39.09110259843554,117.2080927529767
533,世富嘉园,534,39.09110259843554,117.2080927529767
534,星缘轩,535,39.09110259843554,117.2080927529767
535,翡翠湾花园,536,39.09110259843554,117.2080927529767
536,汇泉园,537,39.09110259843554,117.2080927529767
537,天成东轩,538,39.09110259843554,117.2080927529767
538,绮华里,539,39.09110259843554,117.2080927529767
539,恒大金碧天下,540,39.09110259843554,117.2080927529767
540,万科翡翠大道,541,39.09110259843554,117.2080927529767
541,博智御园,542,39.09110259843554,117.2080927529767
542,天津海航城,543,39.09110259843554,117.2080927529767
543,金隅悦城茗香苑,544,39.09110259843554,117.2080927529767
544,千禧园东区,545,39.09110259843554,117.2080927529767
545,远洋未来城沁雅苑,546,39.09110259843554,117.2080927529767
546,西关北里,547,39.09110259843554,117.2080927529767
547,星宇花园,548,39.09110259843554,117.2080927529767
548,顺达西里,549,39.09110259843554,117.2080927529767
549,贻和花园,550,39.09110259843554,117.2080927529767
550,鸿坤理想城,551,39.09110259843554,117.2080927529767
551,瑞通里,552,39.09110259843554,117.2080927529767
552,中节能远景城,553,39.09110259843554,117.2080927529767
553,翠海佳园,554,39.09110259843554,117.2080927529767
554,建设路小区,555,39.09110259843554,117.2080927529767
555,联发第五街,556,39.09110259843554,117.2080927529767
556,社会山Bigparty,557,39.09110259843554,117.2080927529767
557,盛世郦园,558,39.09110259843554,117.2080927529767
558,奋斗楼,559,39.09110259843554,117.2080927529767
559,磐石坊,560,39.09110259843554,117.2080927529767
560,和泓四季恋城,561,39.09110259843554,117.2080927529767
561,天津海航城,562,39.09110259843554,117.2080927529767
562,金地艺城悦府,563,39.09110259843554,117.2080927529767
563,贵桥里,564,39.09110259843554,117.2080927529767
564,泰丰家园,565,39.09110259843554,117.2080927529767
565,海河华鼎,566,39.09110259843554,117.2080927529767
566,三元公寓,567,39.09110259843554,117.2080927529767
567,昆璞里,568,39.09110259843554,117.2080927529767
568,润景家园,569,39.09110259843554,117.2080927529767
569,乐江公寓,570,39.09110259843554,117.2080927529767
570,明珠湾,571,39.09110259843554,117.2080927529767
571,敬宾里,572,39.09110259843554,117.2080927529767
572,水木天成临湾园,573,39.09110259843554,117.2080927529767
573,境界梅江,574,39.09110259843554,117.2080927529767
574,世纪花园(南开区),575,39.09110259843554,117.2080927529767
575,朗月轩,576,39.09110259843554,117.2080927529767
576,碧桂园中骏·天寰,577,39.09110259843554,117.2080927529767
577,福苑里,578,39.09110259843554,117.2080927529767
578,滨海新城,579,39.09110259843554,117.2080927529767
579,天津雅颂居,580,39.09110259843554,117.2080927529767
580,伴景湾家园,581,39.09110259843554,117.2080927529767
581,宝龙城,582,39.09110259843554,117.2080927529767
582,松风西里,583,39.09110259843554,117.2080927529767
583,罗兰花园,584,39.09110259843554,117.2080927529767
584,融创星耀五洲,585,39.09110259843554,117.2080927529767
585,星缘东轩,586,39.09110259843554,117.2080927529767
586,领秀新天地,587,39.09110259843554,117.2080927529767
587,水郡花园,588,39.09110259843554,117.2080927529767
588,天津海航城,589,39.09110259843554,117.2080927529767
589,北岸尚城,590,39.09110259843554,117.2080927529767
590,天津海航城,591,39.09110259843554,117.2080927529767
591,和畅园(滨海新区),592,39.09110259843554,117.2080927529767
592,迎水西里,593,39.09110259843554,117.2080927529767
593,宝龙城,594,39.09110259843554,117.2080927529767
594,紫金花园,595,39.09110259843554,117.2080927529767
595,乐福里,596,39.09110259843554,117.2080927529767
596,尊品庭苑,597,39.09110259843554,117.2080927529767
597,天津海航城,598,39.09110259843554,117.2080927529767
598,华润橡树湾仰润轩,599,39.09110259843554,117.2080927529767
599,东方名居,600,39.09110259843554,117.2080927529767
600,蓝光雍锦香颂,601,39.09110259843554,117.2080927529767
601,静湖花园西区,602,39.09110259843554,117.2080927529767
602,光耀雅苑,603,39.09110259843554,117.2080927529767
603,朗月轩,604,39.09110259843554,117.2080927529767
604,翠亨村D区,605,39.09110259843554,117.2080927529767
605,水乡花园,606,39.09110259843554,117.2080927529767
606,乐园温泉公寓,607,39.09110259843554,117.2080927529767
607,万科城邻水苑,608,39.09110259843554,117.2080927529767
608,春满园,609,39.09110259843554,117.2080927529767
609,金地长湖湾,610,39.09110259843554,117.2080927529767
610,东联里,611,39.09110259843554,117.2080927529767
611,怡君园,612,39.09110259843554,117.2080927529767
612,气象南里,613,39.09110259843554,117.2080927529767
613,树德北里,614,39.09110259843554,117.2080927529767
614,远洋琨庭春华园,615,39.09110259843554,117.2080927529767
615,凤城楼,616,39.09110259843554,117.2080927529767
616,福满园,617,39.09110259843554,117.2080927529767
617,凤园北里,618,39.09110259843554,117.2080927529767
618,大直沽后台,619,39.09110259843554,117.2080927529767
619,金地长湖湾,620,39.09110259843554,117.2080927529767
620,万科魅力之城兰雅苑,621,39.09110259843554,117.2080927529767
621,展望园,622,39.09110259843554,117.2080927529767
622,先进里,623,39.09110259843554,117.2080927529767
623,中盈小区,624,39.09110259843554,117.2080927529767
624,尊品庭苑,625,39.09110259843554,117.2080927529767
625,城投悦和里,626,39.09110259843554,117.2080927529767
626,天津海航城,627,39.09110259843554,117.2080927529767
627,龙祥园,628,39.09110259843554,117.2080927529767
628,中盈小区,629,39.09110259843554,117.2080927529767
629,昆俞家园,630,39.09110259843554,117.2080927529767
630,麒麟湿地·万科小镇,631,39.09110259843554,117.2080927529767
631,金地艺城瑞府,632,39.09110259843554,117.2080927529767
632,荣翔园,633,39.09110259843554,117.2080927529767
633,融科瀚棠泰怡园,634,39.09110259843554,117.2080927529767
634,碧湖园,635,39.09110259843554,117.2080927529767
635,天津海航城,636,39.09110259843554,117.2080927529767
636,文昌嘉园,637,39.09110259843554,117.2080927529767
637,润和馨苑,638,39.09110259843554,117.2080927529767
638,龙吉园,639,39.09110259843554,117.2080927529767
639,卫华里,640,39.09110259843554,117.2080927529767
640,碧春园,641,39.09110259843554,117.2080927529767
641,麒麟湿地·万科小镇,642,39.09110259843554,117.2080927529767
642,裕和家园,643,39.09110259843554,117.2080927529767
643,凤园里,644,39.09110259843554,117.2080927529767
644,世昌里,645,39.09110259843554,117.2080927529767
645,普达里,646,39.09110259843554,117.2080927529767
646,华润橡树湾香润轩,647,39.09110259843554,117.2080927529767
647,贻芳嘉园,648,39.09110259843554,117.2080927529767
648,保利香颂湖,649,39.09110259843554,117.2080927529767
649,弘景苑,650,39.09110259843554,117.2080927529767
650,万科城市花园,651,39.09110259843554,117.2080927529767
651,阳光新园,652,39.09110259843554,117.2080927529767
652,贵桥里,653,39.09110259843554,117.2080927529767
653,远雄上林苑,654,39.09110259843554,117.2080927529767
654,滨海智谛山,655,39.09110259843554,117.2080927529767
655,泰丰家园,656,39.09110259843554,117.2080927529767
656,东江南里,657,39.09110259843554,117.2080927529767
657,美林园,658,39.09110259843554,117.2080927529767
658,远洋琨庭夏荷园,659,39.09110259843554,117.2080927529767
659,广厦富城,660,39.09110259843554,117.2080927529767
660,奥林匹克花园玉兰苑,661,39.09110259843554,117.2080927529767
661,天津海航城,662,39.09110259843554,117.2080927529767
662,招商雍景湾,663,39.09110259843554,117.2080927529767
663,宜景园,664,39.09110259843554,117.2080927529767
664,宝平景苑,665,39.09110259843554,117.2080927529767
665,河溪佳园,666,39.09110259843554,117.2080927529767
666,振业铂雅轩,667,39.09110259843554,117.2080927529767
667,梧桐公社南里,668,39.09110259843554,117.2080927529767
668,郁园里,669,39.09110259843554,117.2080927529767
669,天成东轩,670,39.09110259843554,117.2080927529767
670,天地源津九轩,671,39.09110259843554,117.2080927529767
671,凯旋家园,672,39.09110259843554,117.2080927529767
672,阳光壹佰西园,673,39.09110259843554,117.2080927529767
673,万通华府A区,674,39.09110259843554,117.2080927529767
674,天保意境雅居,675,39.09110259843554,117.2080927529767
675,金融街融汇,676,39.09110259843554,117.2080927529767
676,恂园南里,677,39.09110259843554,117.2080927529767
677,览桥里,678,39.09110259843554,117.2080927529767
678,新保楼小区,679,39.09110259843554,117.2080927529767
679,龙如园,680,39.09110259843554,117.2080927529767
680,盘谷卫城北区,681,39.09110259843554,117.2080927529767
681,庆有西里,682,39.09110259843554,117.2080927529767
682,岳园小区,683,39.09110259843554,117.2080927529767
683,金地艺城华府北泽雅居,684,39.09110259843554,117.2080927529767
684,万通新城国际,685,39.09110259843554,117.2080927529767
685,新文化花园新丽居,686,39.09110259843554,117.2080927529767
686,惠康家园,687,39.09110259843554,117.2080927529767
687,顶秀欣园,688,39.09110259843554,117.2080927529767
688,福苑居,689,39.09110259843554,117.2080927529767
689,世纪梧桐公寓,690,39.09110259843554,117.2080927529767
690,万科民和巷,691,39.09110259843554,117.2080927529767
